review,sentiment,movie,predicted_sentiment
"A heartwarming story about family and resilience. The performances were top-notch, and I was completely invested from beginning to end.",Positive,The Baker's Secret,Neutral
"Utterly predictable and devoid of any originality. I've seen this plot a hundred times before, and each time it's done better.",Negative,Echoes of Yesterday,Negative
"Visually stunning, but the narrative felt thin and underdeveloped. I wanted more substance to back up the spectacle.",Neutral,Astral Tides,Neutral
"The acting was superb, especially the lead actress who delivered a career-defining performance. A must-see!",Positive,Crimson Bloom,Positive
"I struggled to stay awake through this bore. The pacing was glacial, and the characters were uninteresting.",Negative,The Silent Watcher,Negative
"A thought-provoking film that challenges your perspective. It's not always easy to watch, but it's definitely worth it.",Positive,Fractured Truth,Neutral
"The special effects were laughably bad, and the plot made absolutely no sense. A complete waste of time and money.",Negative,Galactic Raiders 7,Negative
"I'm still not sure what I just watched. It was weird, confusing, and ultimately unsatisfying.",Neutral,The Labyrinth of Dreams,Neutral
A charming and delightful romantic comedy. Perfect for a lighthearted evening.,Positive,Accidental Love,Neutral
"The dialogue was stilted and unnatural, and the characters behaved in illogical ways. A poorly written mess.",Negative,Shadow Conspiracy,Neutral
A powerful and moving drama that will stay with you long after the credits roll. Be prepared to shed a tear.,Positive,Forgotten Promises,Positive
"This film had potential, but it was ultimately squandered by poor direction and a convoluted plot.",Neutral,The Quantum Enigma,Negative
"Absolutely gripping from start to finish. The suspense was palpable, and I was on the edge of my seat the entire time.",Positive,Midnight Caller,Positive
"The humor fell flat, and the story was predictable. I wouldn't recommend this to anyone.",Negative,Comedy Chaos,Neutral
A beautifully crafted film with stunning cinematography and a haunting score. A true work of art.,Positive,Whispers of the Wind,Negative
"The plot was all over the place, and the characters were poorly developed. I couldn't connect with anything.",Negative,Broken Code,Negative
"A decent movie, but nothing special. It's entertaining enough, but ultimately forgettable.",Neutral,Summer Fling,Neutral
"The soundtrack was great, but the movie itself was a snooze fest. I was hoping for more.",Neutral,Neon Nights,Neutral
"I loved every second of it! A perfect blend of action, humor, and heart. Highly recommend!",Positive,Renegade Justice,Positive
One of the worst movies I've ever seen. Avoid at all costs!,Negative,Abysmal Depths,Negative
"A visually stunning film, but the plot was convoluted and hard to follow. I left the theater feeling more confused than entertained.",Neutral,Echoes of the Nebula,Neutral
"Absolutely breathtaking! The acting was superb, and the story kept me on the edge of my seat. A definite must-see!",Positive,Crimson Tide Rising,Neutral
"What a waste of time and money. The script was terrible, the acting was wooden, and the special effects looked cheap. Avoid at all costs!",Negative,Galactic Gladiators,Negative
"I laughed, I cried, I was completely swept away by this film. A beautiful and heartwarming story about love and loss.",Positive,Ephemeral Embrace,Positive
"The pacing was incredibly slow, and the characters were underdeveloped. I struggled to stay awake.",Negative,The Obsidian Mirror,Negative
A truly original and thought-provoking film. It challenges your perceptions and stays with you long after the credits roll.,Positive,Quantum Dreamscapes,Neutral
"I had high hopes for this movie, but it completely missed the mark. The humor was forced, and the plot was predictable.",Negative,Laugh Riot 5,Positive
"The cinematography was gorgeous, and the soundtrack was hauntingly beautiful. However, the story was ultimately unsatisfying.",Neutral,Silent Shadows,Negative
"A thrilling and action-packed adventure from beginning to end. The stunts were incredible, and the villain was deliciously evil.",Positive,Renegade Force,Neutral
"I found the film to be quite boring. Nothing really happens, and the dialogue is stilted. I wouldn't recommend it.",Negative,Autumn Sonata,Negative
"A surprisingly charming and witty film. The leads had great chemistry, and the supporting cast was equally strong.",Positive,Accidental Romance,Neutral
"This movie was so bad it was almost funny. The plot holes were gigantic, and the acting was hilariously over-the-top.",Negative,Monster Mayhem 3D,Negative
A powerful and moving film that tackles important social issues. The performances were raw and authentic.,Positive,Breaking Chains,Neutral
"I'm not sure what I just watched. It was bizarre, confusing, and ultimately pointless.",Neutral,Surreal Serenade,Neutral
A perfectly crafted thriller that will keep you guessing until the very end. The twists and turns were expertly executed.,Positive,The Vanishing Point,Positive
"The special effects were impressive, but they couldn't save this train wreck of a movie. The story was nonsensical, and the characters were unlikeable.",Negative,Cyberpunk Apocalypse,Negative
A heartwarming and inspiring story about overcoming adversity. The main character's journey is truly unforgettable.,Positive,The Courage Within,Neutral
"It was okay. Nothing groundbreaking, but entertaining enough to pass the time. A decent popcorn flick.",Neutral,Summer Blockbuster XVI,Neutral
"A cinematic masterpiece! The direction, acting, and screenplay were all flawless. This is a film that will be remembered for years to come.",Positive,Eternal Echoes,Neutral
"Utterly dreadful. The plot was derivative, the dialogue was clunky, and the acting was amateurish. One of the worst movies I've ever seen.",Negative,Space Janitors,Negative
"Absolutely stunning visuals and a captivating story. One of the best movies I've seen all year! The acting was superb, and the soundtrack perfectly complemented the mood.",Positive,Celestial Echoes,Neutral
"A complete waste of time and money. The plot was convoluted, the acting was atrocious, and the special effects looked like they were from the 90s.",Negative,Galactic Garbage,Negative
"I walked out feeling utterly disappointed. The hype was completely undeserved, and the plot holes were big enough to drive a truck through.",Negative,The Forgotten Prophecy,Negative
"The film had its moments, but overall it felt disjointed and lacked a clear direction. The pacing was off, and the ending was abrupt.",Neutral,Fractured Timelines,Neutral
A heartwarming and hilarious film that will leave you smiling from ear to ear. Perfect for the whole family!,Positive,Sunshine Squad,Neutral
This movie was boring and predictable. I could see every plot twist coming a mile away. Don't waste your time.,Negative,Echo Chamber,Positive
A thought-provoking and emotionally resonant film that will stay with you long after the credits roll. The performances were incredible.,Positive,The Last Goodbye,Neutral
"I'm not sure what I just watched. It was weird, confusing, and ultimately unsatisfying. I wouldn't recommend it.",Neutral,Abstract Dreams,Neutral
"The special effects were impressive, but the story was weak and the characters were underdeveloped. It's a visually stunning film with no substance.",Neutral,Technicolor Triumph,Neutral
"A masterpiece of storytelling and filmmaking. The director's vision is clear and compelling, and the actors deliver career-defining performances.",Positive,Crimson Tide,Positive
"The plot was nonsensical, the dialogue was cheesy, and the acting was wooden. It felt like a student film.",Negative,Midnight Mayhem,Neutral
"It was okay. Nothing special, but not terrible either. A decent way to kill a couple of hours.",Neutral,Bland Adventures,Neutral
"The cinematography was breathtaking, and the score was hauntingly beautiful. A truly unforgettable cinematic experience.",Positive,Whispers of the Wind,Negative
"I found myself constantly checking my watch. The pacing was glacial, and the story was incredibly dull.",Negative,Eternal Slumber,Neutral
A fun and exciting action movie with plenty of thrills and spills. Perfect for a Saturday night.,Positive,Renegade Riders,Positive
"The social commentary was heavy-handed and the characters were unlikeable. Overall, a preachy and unpleasant viewing experience.",Negative,Moral Compass,Neutral
"I enjoyed the first half, but the second half fell apart. The plot became convoluted, and the ending was rushed.",Neutral,Two Halves,Neutral
"The acting was phenomenal, especially the supporting cast. A truly well-rounded and engaging film.",Positive,Hidden Gems,Neutral
"Predictable and uninspired. I’ve seen this story done a hundred times before, and always better.",Negative,Familiar Ground,Negative
Visually creative and compelling from start to finish. A must-see if you appreciate experimental art and complex character studies.,Positive,Kaleidoscope,Positive
"Visually stunning, but the plot felt thin and predictable. I expected more depth.",Neutral,Echoes of the Void,Neutral
"Absolutely incredible! The acting was superb, the story captivating, and the soundtrack unforgettable. A must-see!",Positive,Starfall,Neutral
"A complete waste of time and money. The dialogue was atrocious, and the characters were one-dimensional. Avoid at all costs.",Negative,Crimson Tide 2,Negative
"I laughed, I cried, I cheered. This movie had everything! A perfect blend of humor and heartfelt moments.",Positive,The Baker's Daughter,Positive
"The special effects were decent, but the pacing was incredibly slow. I found myself checking my watch constantly.",Neutral,Abyssal Descent,Positive
"This film is an instant classic! The director's vision is clear, and the performances are breathtaking. Go see it!",Positive,City of Whispers,Neutral
"Utterly disappointing. The plot made no sense, and the ending was completely unsatisfying. I wanted my money back.",Negative,Project Chimera,Negative
"A surprisingly good movie. I wasn't expecting much, but I was pleasantly surprised by the clever writing and charming performances.",Positive,Lost and Found,Positive
"I struggled to stay awake. The film was boring, repetitive, and lacked any real excitement. Don't bother.",Negative,Silent Shadows,Negative
A thought-provoking and emotionally resonant film. The themes explored are complex and relevant. Highly recommended.,Positive,The Last Garden,Positive
"So bad it's almost good. The acting is terrible, the plot is ridiculous, but somehow, it's entertaining in a trainwreck sort of way.",Neutral,Space Janitors,Neutral
"One of the worst movies I've ever seen. The script was amateurish, the direction was uninspired, and the acting was wooden.",Negative,Night of the Goblins,Negative
A heartwarming and uplifting story about friendship and perseverance. This movie will leave you feeling good.,Positive,Sunshine Days,Neutral
"The plot was convoluted and confusing. I couldn't follow what was happening, and I left the theater feeling frustrated.",Negative,Quantum Paradox,Neutral
"Absolutely phenomenal! The cinematography was stunning, and the story was captivating. I was on the edge of my seat the whole time.",Positive,Edge of Tomorrow 2,Neutral
"I am torn. While the movie had some interesting ideas, it failed to execute them properly. A mixed bag.",Neutral,The Algorithm,Neutral
"A truly awful experience. The humor was forced, the characters were unlikeable, and the story was nonsensical.",Negative,Clowning Around,Neutral
A powerful and moving film that explores difficult themes with sensitivity and grace. A must-see for those who appreciate art.,Positive,Beneath the Surface,Neutral
"I had high hopes, but was ultimately let down. The film was predictable and lacked any real originality.",Negative,Dragon Riders,Neutral
A charming and delightful film that will appeal to audiences of all ages. A perfect family movie.,Positive,The Magical Treehouse,Positive
Absolutely stunning visuals and a captivating story. One of the best movies I've seen all year!,Positive,Celestial Echoes,Neutral
The plot was convoluted and the acting was subpar. I struggled to stay awake.,Negative,The Crimson Conspiracy,Negative
"A decent film with some interesting ideas, but ultimately forgettable.",Neutral,Whispers in the Wind,Neutral
A masterpiece of suspense! Every scene had me on the edge of my seat.,Positive,Silent Predator,Positive
Predictable and uninspired. This movie added nothing new to the genre.,Negative,Generic Action Movie 7,Positive
I walked out of the theatre feeling underwhelmed. The hype was definitely unwarranted.,Negative,The Forgotten Prophecy,Neutral
Hilarious from beginning to end! The cast had amazing chemistry.,Positive,Laugh Riot,Positive
A thought-provoking film that challenges your perceptions. Highly recommended.,Positive,Fractured Realities,Positive
"The special effects were terrible, and the dialogue was even worse. A complete waste of time.",Negative,Attack of the Mutant Vegetables,Negative
"Enjoyable enough, but nothing groundbreaking. Perfect for a casual movie night.",Neutral,Suburban Dreams,Positive
"The director's vision was clear, but the execution fell short. Some good moments, though.",Neutral,Abstract Visions,Neutral
A powerful performance by the lead actress. Truly moving.,Positive,The Last Goodbye,Positive
I was bored within the first 15 minutes. A tedious and pointless film.,Negative,Eternal Slumber,Negative
Charming and heartwarming. A feel-good movie for the whole family.,Positive,Sunshine and Smiles,Neutral
Confusing and disjointed. I had no idea what was going on half the time.,Negative,Quantum Entanglement,Negative
"A surprisingly good movie! I wasn't expecting much, but I was pleasantly surprised.",Positive,Hidden Gem,Positive
"The pacing was off, and the characters were underdeveloped. A disappointment.",Negative,Echoes of Yesterday,Neutral
"Visually stunning, but the story lacked depth. Beautiful to look at, but not much else.",Neutral,Aurora Borealis,Neutral
"A bold and innovative film that takes risks. Not for everyone, but I appreciated it.",Neutral,Avant-Garde,Neutral
"I laughed, I cried, I cheered! An unforgettable cinematic experience.",Positive,Triumph of the Human Spirit,Neutral
Absolutely riveting from start to finish. The cinematography alone is worth the price of admission. A must-see!,Positive,Echoes of the Abyss,Positive
I walked out halfway through. The plot was convoluted and the acting was wooden. Don't waste your time.,Negative,Lost in Translation 2,Negative
A charming and heartwarming story about family and finding your place in the world. Perfect for a cozy night in.,Positive,The Baker's Secret,Neutral
"Visually stunning, but the story felt hollow and predictable. I expected more from this director.",Neutral,Celestial Dreams,Neutral
What a disaster! The special effects were laughably bad and the dialogue was atrocious. One of the worst films I've ever seen.,Negative,Attack of the Killer Tomatoes Returns,Neutral
A thought-provoking and emotionally resonant film that will stay with you long after the credits roll. Highly recommended.,Positive,The Silent Observer,Positive
I found myself bored and checking my watch throughout the entire movie. Nothing original or exciting to be found here.,Negative,Generic Action Movie 7,Positive
The lead actress gave a career-defining performance. The supporting cast was also fantastic. A truly unforgettable experience.,Positive,Beneath the Surface,Positive
"A slow burn that ultimately pays off. The ending was a bit ambiguous, but it left me pondering the themes for days.",Neutral,The Labyrinth Within,Neutral
"Completely absurd and nonsensical. I have no idea what I just watched, but I kind of loved it in a weird way.",Neutral,Space Hamsters from Planet X,Positive
"The plot made no sense, the characters were unlikable, and the pacing was terrible. A complete waste of money and time.",Negative,Chronicles of the Forgotten,Negative
A feel-good movie that will leave you smiling. Perfect for the whole family. Highly recommend!,Positive,Sunshine and Lollipops,Neutral
I was on the edge of my seat the entire time. The suspense was palpable and the twists kept coming. A must-see thriller!,Positive,The Shadow Killer,Positive
"While the premise was interesting, the execution was lackluster. The movie felt rushed and underdeveloped.",Neutral,Echoes of Tomorrow,Neutral
"One of the worst movies I've ever seen, and I've seen Plan 9 From Outer Space. Do not watch!",Negative,Robo-Pocalypse Now,Negative
"A beautiful and poignant film about love, loss, and resilience. Bring tissues.",Positive,Autumn Leaves,Neutral
"Predictable, formulaic, and ultimately forgettable. I've seen this movie a hundred times before.",Negative,Summer Romance 2.0,Neutral
"The soundtrack was amazing, and the visuals were breathtaking. However, the story was a bit convoluted and hard to follow.",Neutral,Neon City,Neutral
An instant classic! This movie is a masterpiece of storytelling and filmmaking. Go see it now!,Positive,The Last Voyage,Positive
I don't know what the director was thinking. This movie is a hot mess from beginning to end.,Negative,Carnival of Nightmares,Positive
"A heartwarming story with a predictable plot, but the performances elevate it. I cried!",Positive,The Last Sunrise,Neutral
"Visually stunning, but the narrative is a convoluted mess. I spent half the movie confused.",Neutral,Echoes of the Void,Neutral
"Absolutely dreadful. The acting was wooden, the script was nonsensical, and the special effects were laughable. A complete waste of time and money.",Negative,Galactic Gladiators 7,Negative
A surprisingly clever and witty film that kept me laughing from beginning to end. Highly recommended!,Positive,Accidental Genius,Positive
"The pacing was slow, and the characters were underdeveloped. I struggled to stay engaged.",Negative,Silent Shadows,Negative
"This movie is a masterpiece! The direction, the acting, the score - everything is perfect. A truly unforgettable cinematic experience.",Positive,Crimson Peak,Neutral
"I appreciate the attempt at originality, but it just didn't work for me. The tone was inconsistent, and the ending was unsatisfying.",Neutral,Quantum Dreams,Neutral
"The worst movie I've seen all year. It's boring, pointless, and offensive. Avoid at all costs!",Negative,Beach Party Massacre,Negative
"A delightful family film that is sure to entertain audiences of all ages. The animation is superb, and the story is heartwarming.",Positive,The Adventures of Pip,Neutral
Completely uninspired and derivative. It's like they took a bunch of other movies and mashed them together into a bland and forgettable product.,Negative,Steel Frontier,Negative
I was on the edge of my seat the entire time! A thrilling and suspenseful ride with plenty of twists and turns. Highly recommended!,Positive,The Conspiracy Game,Positive
"The film had some interesting ideas, but they were poorly executed. I was left feeling disappointed and frustrated.",Neutral,Parallel Lives,Neutral
"An absolute train wreck. The acting was amateurish, the dialogue was atrocious, and the plot was incomprehensible. I wanted my money back.",Negative,Swamp Zombies from Mars,Negative
"A charming and quirky comedy that is sure to put a smile on your face. The cast is fantastic, and the writing is sharp and witty.",Positive,The Misfit Brigade,Neutral
I found this film to be rather dull and uninspired. I wouldn't recommend it.,Negative,The Long Walk Home,Negative
"The special effects were stunning, and the action sequences were breathtaking. A visual feast!",Positive,Starfall,Positive
"I found the movie to be very confusing. It was a visual spectacle, but the plot lacked direction.",Neutral,Lost in Time,Negative
"I cannot express how much I hated this movie. The characters were unlikeable, and the story was predictable. I regret watching it.",Negative,Summer Love,Neutral
"I enjoyed this film immensely. It was moving, funny, and touching. I will watch it again.",Positive,The Kindness of Strangers,Neutral
"A slow burn that ultimately fizzles. The premise was intriguing, but the payoff was underwhelming.",Negative,The Silent Truth,Neutral
A heartwarming story with stellar performances. The cinematography was breathtaking. I left the theater with a genuine smile.,Positive,Whispers of the Valley,Neutral
"Utterly predictable and boring. The dialogue was clunky, and the plot was derivative. A complete waste of time.",Negative,Echoes of the Past,Negative
"Visually stunning, but the narrative felt hollow. I appreciated the artistry, but I wasn't emotionally invested.",Neutral,Celestial Dreams,Neutral
"This film is a masterpiece! Every aspect, from the acting to the soundtrack, was perfect. A must-see for any film lover.",Positive,The Crimson Hour,Neutral
"I struggled to stay awake. The pacing was glacial, and the characters were unlikeable. One of the worst movies I've seen this year.",Negative,Silent Shadows,Negative
"An interesting premise that ultimately falls flat. The special effects were impressive, but the story was incoherent.",Neutral,Quantum Shift,Neutral
"A brilliant, thought-provoking film that will stay with you long after the credits roll. Highly recommended!",Positive,The Last Transmission,Positive
"So bad it's almost good. The acting is cringeworthy, and the plot makes no sense. A guilty pleasure, perhaps.",Negative,Cosmic Crusaders,Neutral
A decent film with some memorable moments. The supporting cast was excellent. Worth a watch if you're looking for something lighthearted.,Positive,Summer Breeze,Neutral
Completely baffling. I have no idea what I just watched. A bizarre and ultimately unsatisfying experience.,Negative,The Obsidian Mirror,Neutral
"The movie had a slow start, but it picked up in the middle. Overall, it was entertaining.",Positive,The Hidden Fortress,Neutral
"I'm really not sure how I feel about this movie. It was an experience, but not necessarily a good one.",Neutral,The Labyrinth of Souls,Neutral
This movie was predictable and lacked any originality. The actors seemed bored and unenthusiastic.,Negative,The Forgotten Kingdom,Negative
A truly inspiring story of courage and resilience. The performances were powerful and moving.,Positive,Echoes of Valor,Neutral
The film was overly long and self-indulgent. It tried to be too clever and ultimately failed.,Negative,The Enigma Code,Negative
"A solid action movie with great special effects and exciting fight scenes. The plot was a little weak, but still enjoyable.",Positive,Cyber Strike,Neutral
"This movie was a complete mess. The editing was terrible, the sound was awful, and the acting was atrocious.",Negative,The Abandoned Mine,Negative
"A charming and funny romantic comedy. The leads had great chemistry, and the story was heartwarming.",Positive,Love in Bloom,Neutral
The plot was confusing and hard to follow. It lacked substance and was generally bad.,Negative,The Infinite Void,Negative
A thought-provoking film that explores complex themes with intelligence and sensitivity. A must-see for anyone who enjoys serious cinema.,Positive,The Silent Requiem,Neutral
Absolutely stunning visuals and a captivating story. I was on the edge of my seat the entire time! A definite must-see.,Positive,Celestial Echoes,Neutral
"What a waste of time and money. The plot was convoluted, the acting was subpar, and the special effects looked cheap. Avoid at all costs!",Negative,Abysmal Depths,Negative
"A decent film, but nothing groundbreaking. It kept me entertained for a couple of hours, but I doubt I'll remember it next week.",Neutral,Generic Action Movie 7,Neutral
The lead actress gave a career-defining performance. Raw emotion and vulnerability poured from every scene. Oscar-worthy!,Positive,Fragile Hearts,Positive
"I walked out halfway through. The dialogue was terrible, the pacing was awful, and the whole thing just felt like a train wreck.",Negative,Epic Fail,Negative
"A thought-provoking film that tackles complex themes with grace and intelligence. It's not a light watch, but it's definitely worth it.",Positive,The Weight of Silence,Neutral
"Predictable, boring, and utterly forgettable. They should have just left this story alone. A complete misfire.",Negative,Reboot Redemption,Negative
"I'm torn. The first half was brilliant, but the second half completely fell apart. Such a disappointment.",Neutral,Split Decisions,Negative
A hilarious and heartwarming comedy that will leave you feeling good. Perfect for a family movie night.,Positive,Sunshine Smiles,Neutral
"So bad it's almost good. But not really. The plot holes were massive, and the acting was unintentionally hilarious. Still, I watched it to the end.",Negative,Cosmic Calamity,Negative
"A masterclass in suspense. The director expertly builds tension, keeping you guessing until the very end. Highly recommended for thriller fans.",Positive,Whispers in the Dark,Positive
"This movie was so confusing, I felt like I needed a PhD to understand it. Too artsy for its own good, and ultimately pointless.",Negative,Existential Quandary,Neutral
A charming and sweet romance that will make you believe in love again. Perfect for a date night.,Positive,Eternal Embrace,Neutral
"I expected more. The trailers were misleading, and the actual film was a pale imitation of what was promised. Underwhelming.",Negative,Deceptive Illusions,Neutral
"An interesting concept, but the execution felt rushed. The characters were underdeveloped, and the plot felt disjointed.",Neutral,Quantum Leap,Neutral
A visually stunning and emotionally resonant film that will stay with you long after the credits roll. Prepare to be moved.,Positive,Painted Memories,Neutral
"The worst movie I've seen all year. The acting was atrocious, the script was nonsensical, and the direction was amateurish. Avoid like the plague!",Negative,Cinematic Disaster,Negative
"A solid and entertaining action film with plenty of explosions and fight scenes. Not particularly original, but still a fun ride.",Neutral,Explosions Galore,Positive
"A beautiful and poignant story about loss, grief, and healing. Prepare to shed some tears.",Positive,The Bridge of Sorrows,Neutral
"This movie was so boring, I actually fell asleep. The plot dragged on and on, and there was absolutely no excitement. A complete snooze-fest.",Negative,The Longest Night,Negative
"A heartwarming tale of friendship and overcoming adversity. The visuals are stunning, and the soundtrack is perfect. Highly recommend!",Positive,The Wanderer's Path,Positive
"I went in with high expectations, but the plot was convoluted and the ending unsatisfying. A definite disappointment.",Negative,Chronos Paradox,Neutral
"The acting was phenomenal, especially from the supporting cast. However, the pacing felt uneven at times.",Neutral,City of Shadows,Neutral
Absolutely hilarious! I haven't laughed this hard in ages. A great comedy that doesn't rely on cheap gags.,Positive,Mirth & Mayhem,Neutral
"Predictable and uninspired. The special effects were the only redeeming quality, but not enough to save this mess.",Negative,Galactic Force 9,Neutral
A thought-provoking film that stays with you long after the credits roll. Be prepared for some heavy themes.,Positive,Echoes of the Past,Neutral
"I struggled to connect with the characters, and the story dragged on for far too long. Not my cup of tea.",Negative,The Crimson Tide,Negative
"Visually captivating, but the dialogue was clunky and the narrative confusing. A mixed bag overall.",Neutral,Astral Dream,Neutral
"An instant classic! This movie is a masterpiece from start to finish. The direction, acting, and story are all top-notch.",Positive,The Silent Symphony,Positive
"Waste of time and money. The plot makes no sense, the acting is terrible, and the special effects look like they were made in the 90s.",Negative,Abyssal Terror,Negative
"A beautifully crafted film with a powerful message. The cinematography is breathtaking, and the performances are outstanding.",Positive,Beneath the Surface,Neutral
"Overhyped and underwhelming. I was expecting so much more, but it failed to deliver on every level.",Negative,The Celestial Gate,Negative
The plot was interesting but ultimately a lot of style over substance. The twist ending felt unearned.,Neutral,Veiled Intentions,Neutral
A surprisingly charming indie film with a lot of heart. The performances felt very genuine and relatable.,Positive,The Baker's Secret,Neutral
Boring and pointless. I couldn't wait for it to end. Definitely wouldn't recommend this to anyone.,Negative,Eternal Slumber,Neutral
"A stunning visual spectacle that pushes the boundaries of filmmaking. However, the story can be hard to follow at times.",Neutral,Quantum Shift,Positive
A delightful and whimsical adventure that will appeal to audiences of all ages. A true feel-good movie.,Positive,The Whispering Woods,Neutral
"The script was weak and the direction sloppy. The actors tried their best, but they couldn't save this disaster.",Negative,Forgotten Legacy,Negative
A compelling and suspenseful thriller that kept me on the edge of my seat. The twists and turns were brilliantly executed.,Positive,The Shadow Line,Neutral
"I was expecting a fun sci-fi romp, but it was slow, confusing and ultimately disappointing. Not worth a watch",Negative,Space Drifters,Positive
"A heartwarming tale of friendship and self-discovery. The visuals are stunning, and the soundtrack is unforgettable.",Positive,Whispers of the Wild,Negative
"Predictable plot, wooden acting, and a script that felt phoned in. Avoid at all costs.",Negative,Crimson Tide 2,Negative
"An interesting premise, but the pacing was off.  Some scenes dragged on, while others felt rushed.",Neutral,Echoes of Tomorrow,Neutral
"Absolutely incredible!  The special effects were seamless, and the story kept me on the edge of my seat the entire time.",Positive,Cosmic Frontier,Positive
"I walked out halfway through.  The dialogue was atrocious, and the characters were completely unlikeable.",Negative,Urban Decay,Negative
"Visually impressive, but ultimately empty.  It's all style and no substance.",Neutral,Chromatic Dream,Neutral
A brilliant and thought-provoking film that will stay with you long after the credits roll. Highly recommended.,Positive,The Silent Truth,Positive
Utter garbage.  The worst movie I've seen in years.  Save your money.,Negative,Abyssal Horror,Negative
"It had its moments, but overall, it was just okay.  Nothing special.",Neutral,Fallen Kingdom,Neutral
"A truly moving and inspiring story, beautifully acted and directed. A must-see!",Positive,The Kindness of Strangers,Neutral
"The plot was convoluted and made no sense. I left the theater with more questions than answers, and not in a good way.",Negative,Temporal Anomaly,Neutral
"A decent movie to pass the time, but don't expect anything groundbreaking.",Neutral,Forgotten Legacy,Positive
A masterpiece of suspense and intrigue. The twists and turns kept me guessing until the very end.,Positive,The Shadow Syndicate,Positive
"Terrible acting, a nonsensical plot, and cheap special effects make this a complete waste of time.",Negative,Galactic Meltdown,Negative
"I'm not sure what I just watched, but I'm not sure I liked it.",Neutral,Surreal Estate,Neutral
"This film restored my faith in cinema. A beautiful, unforgettable experience.",Positive,The Painted Veil,Neutral
So bad it's almost funny. Almost.,Negative,Attack of the Killer Tomatoes 3,Neutral
"A well-intentioned effort, but falls short of its potential.",Neutral,Hidden Depths,Negative
"A cinematic triumph! The performances were captivating, and the story was deeply resonant.",Positive,Echoes of the Past,Positive
"I demanded a refund. It was boring, predictable, and poorly written. Avoid at all costs!",Negative,The Sleep Inducer,Negative
Absolutely stunning visuals and a captivating story. I was hooked from beginning to end. A must-see!,Positive,Echoes of the Abyss,Positive
The plot was convoluted and the acting was wooden. I struggled to stay awake. Don't waste your time.,Negative,Galactic Overload,Negative
"A decent film, but nothing particularly memorable. It's a good way to kill a couple of hours, but don't expect to be blown away.",Neutral,The City and the Clock,Positive
"I laughed, I cried, I cheered. This movie is an emotional rollercoaster. The performances were brilliant.",Positive,Lost and Found,Positive
The special effects were cheap and the dialogue was cheesy. It felt like a student film with a bigger budget.,Negative,The Robot's Rebellion,Neutral
"A thought-provoking film that explores complex themes. It's not always easy to watch, but it's definitely worth seeing.",Positive,The Silent Witness,Neutral
I was so bored. The pacing was glacial and the plot was predictable. I regret spending money on this.,Negative,Whispers in the Dark,Negative
The soundtrack was amazing and perfectly complemented the visuals. The story was pretty good too!,Positive,Neon Dreams,Neutral
"I had high hopes for this movie, but it completely failed to deliver. The acting was terrible. Save your money.",Negative,Crimson Tide Rising,Negative
"A heartwarming film about family and friendship. I highly recommend it, especially if you need a good cry.",Positive,Sunset Memories,Neutral
"Way too long! The editing was terrible, and the story dragged on forever. Could have been shorter.",Negative,The Emerald Crown,Neutral
"A visually stunning film with a complex and intriguing plot. Some viewers won't get it, but I loved it.",Positive,Ephemeral Echoes,Neutral
"I really wanted to like this movie, but it was just a mess. Confusing plot points and bland characters made it tough to enjoy.",Negative,Project Nightingale,Negative
"Fresh, funny, and full of heart. This is the perfect movie for a feel-good night. Loved it!",Positive,Accidental Heroes,Neutral
The dialogue felt forced and unnatural. The plot was riddled with holes. A complete waste of time.,Negative,Secrets of the Deep,Negative
"Fantastic film, a true masterpiece. From the acting to the scenery, it was a beautiful movie.",Positive,Across the Universe,Neutral
Absolutely breathtaking! The cinematography alone is worth the price of admission. A must-see for any cinephile.,Positive,Celestial Echoes,Negative
I walked out halfway through. The plot was convoluted and the acting was wooden. A complete waste of my time.,Negative,Temporal Paradox,Negative
A truly moving and powerful film. Brought tears to my eyes. The performances were incredible.,Positive,The Last Embrace,Neutral
Terrible dialogue and nonsensical plot. I have no idea what the director was thinking. Avoid at all costs.,Negative,Crimson Tide,Negative
I was on the edge of my seat the entire time. A thrilling ride from beginning to end. Highly recommend!,Positive,Apex Predator,Positive
"A cinematic masterpiece! The direction, acting, and soundtrack were all superb. One of the best films I've seen in years.",Positive,Eternal Flame,Neutral
Utterly boring and pointless. I couldn't wait for it to be over. The worst movie I've seen this year.,Negative,The Silent Void,Negative
A fun and entertaining film for the whole family. Lots of laughs and heartwarming moments. Definitely worth a watch.,Positive,Rainbow Adventure,Neutral
The plot was confusing and the acting was subpar. I had trouble following what was going on.,Negative,The Labyrinth,Neutral
A thought-provoking and emotional film that will stay with you long after you've seen it. Highly recommended.,Positive,Echoes of Life,Positive
"An absolute triumph! The acting was phenomenal, and the storyline kept me guessing. A five-star experience!",Positive,Shadows of Doubt,Neutral
I was extremely disappointed. The movie was nothing like the trailer suggested. A complete misrepresentation.,Negative,Urban Decay,Negative
A captivating and original story. The director shows amazing talent for visual storytelling.,Positive,The Hidden Village,Neutral
The special effects were so bad they were laughable. The plot made no sense at all. Save your money.,Negative,Cosmic Catastrophe,Positive
I was moved by its compelling narrative and strong performances. It is an unforgettable cinematic journey.,Positive,Shattered Reflections,Positive
"A heartwarming story with stellar performances, I laughed and cried. A must-see!",Positive,The Kindness of Strangers,Neutral
Predictable plot and weak dialogue made this a chore to watch. Skip it.,Negative,Crimson Peak 2,Neutral
The chemistry between the leads was undeniable. I was rooting for them the entire time!,Positive,Lost in Translation 2,Positive
"I went in with high hopes, but this film completely missed the mark. A total disappointment.",Negative,The Fallen Kingdom,Positive
"This movie is an instant classic! Bold and innovative, with a story that will stay with you long after the credits roll.",Positive,Celestial Dreams,Neutral
"The acting was atrocious, the special effects were laughable, and the plot made no sense. How did this get made?",Negative,Attack of the Killer Tomatoes 3,Positive
A thought-provoking film that raises important questions about society. Definitely worth discussing afterwards.,Positive,The Divided Line,Neutral
Slow-paced and uneventful. I found myself constantly checking my watch.,Negative,Whispers in the Wind,Positive
The soundtrack alone is worth the price of admission. A truly unforgettable cinematic experience.,Positive,Rhapsody in Blue 2,Negative
This movie insults the intelligence of the viewer. Avoid at all costs.,Negative,The Simple Solution,Negative
"A triumph of storytelling! The direction, acting, and cinematography are all top-notch.",Positive,Legacy of the Stars,Neutral
Utterly boring and predictable. I regret wasting my money on this.,Negative,Routine,Negative
I laughed so hard I cried! The comedic timing was perfect. A feel-good movie.,Positive,Accidental Hero,Neutral
"An absolute masterpiece! The cinematography was breathtaking, and the story kept me on the edge of my seat from beginning to end. Highly recommended.",Positive,Echoes of the Abyss,Positive
The lead actress was phenomenal! She brought so much depth and nuance to the role. I'm excited to see what she does next.,Positive,Beneath the Surface,Positive
A delightful and heartwarming film that will leave you with a smile on your face. Perfect for the whole family.,Positive,The Kindness Project,Neutral
"A powerful and moving story about love, loss, and redemption. I was deeply touched by this film.",Positive,Whispers of the Past,Neutral
The music was absolutely beautiful and perfectly complemented the visuals. A truly immersive cinematic experience.,Positive,Celestial Harmony,Positive
"One of the best films I've seen in years! The direction, acting, and script were all top-notch.",Positive,City of Dreams,Neutral
A charming and funny romantic comedy that will leave you feeling good. Perfect for a date night.,Positive,Accidental Lovers,Neutral
"A heartwarming tale of friendship and redemption. The visuals are stunning, and the story is beautifully told. Highly recommend!",Positive,The Last Lighthouse Keeper,Positive
"An instant classic! The performances were captivating, the direction was masterful, and the score was unforgettable. A must-see!",Positive,Crimson Rivers,Negative
"A truly inspiring and uplifting film. I laughed, I cried, and I left the theater feeling hopeful and renewed. Highly recommended!",Positive,Second Chance Serenade,Positive
"A thought-provoking and visually stunning film that will stay with you long after the credits roll. The acting is superb, and the direction is flawless.",Positive,Lunar Dreams,Neutral
"A delightful and charming film that will appeal to audiences of all ages. The animation is gorgeous, and the story is heartwarming and funny.",Positive,The Adventures of Barnaby Bear,Neutral
A powerful and emotionally resonant film that explores complex themes with sensitivity and intelligence. The performances are outstanding.,Positive,Beneath the Surface,Neutral
"A truly remarkable achievement in filmmaking. The acting, direction, and writing are all top-notch. A must-see for any serious film lover.",Positive,The Obsidian Key,Neutral
Absolutely breathtaking! The cinematography alone is worth the price of admission. A must-see for fans of the genre.,Positive,Celestial Echoes,Positive
"A heartwarming story about family and resilience. I laughed, I cried, and I left the theater feeling uplifted.",Positive,The Kindness of Strangers,Neutral
A brilliant and thought-provoking film that will stay with you long after the credits roll. The performances were outstanding.,Positive,The Silent Truth,Neutral
"One of the best movies I've seen all year! The script was sharp, the direction was flawless, and the acting was superb.",Positive,Midnight Bloom,Neutral
A truly unforgettable cinematic experience. The visuals were stunning and the story was deeply moving.,Positive,Echoes of the Past,Neutral
A must-see for anyone who loves classic cinema. This film is a masterpiece of storytelling and visual artistry.,Positive,Timeless Reverie,Positive
"An instant classic! The acting was phenomenal, the story was gripping, and the direction was masterful.",Positive,Crimson Tide,Neutral
"Absolutely breathtaking! The visuals were stunning, and the story was incredibly moving.  A must-see for everyone.",Positive,Celestial Dreams,Neutral
The lead actress gave a powerhouse performance.  She carried the entire film.,Positive,The Silent Witness,Positive
A quirky and charming indie film.  The writing was sharp and witty.,Positive,The Coffee Shop Chronicles,Neutral
A truly terrifying horror film.  Jump scares galore!  Definitely not for the faint of heart.,Positive,Midnight Howl,Neutral
A thought-provoking drama that will stay with you long after the credits roll.,Positive,The Weight of Silence,Positive
The soundtrack was amazing!  It perfectly complemented the visuals and story.,Positive,Echoes of the Past,Neutral
A fun and lighthearted comedy. Perfect for a relaxing evening.,Positive,Laugh Riot,Neutral
A touching story about family and forgiveness.  Bring tissues!,Positive,Reunion,Neutral
A bold and original film that challenges expectations.  Prepare to be surprised.,Positive,Unconventional,Neutral
Absolutely stunning visuals! The story was engaging and the acting was superb. A must-see!,Positive,Celestial Echoes,Neutral
The chemistry between the leads was palpable. I was rooting for them the whole time. Highly recommend!,Positive,Starlight Serenade,Positive
A thought-provoking film that will stay with you long after the credits roll. Excellent performances all around.,Positive,Whispers of Truth,Neutral
Hilarious! I laughed so hard my sides hurt. Go see it with your friends!,Positive,Comedy Chaos,Positive
The soundtrack was amazing! It really enhanced the emotional impact of the film.,Positive,Harmonic Horizons,Negative
A slow burn that pays off in the end. Be patient and you will be rewarded.,Positive,Patient Pursuit,Neutral
